author id;created_at;geo;id;lang;like_count;quote_count;reply_count;retweet_count;source;tweet;Crimen
1055392730229039106;2022-10-18 23:54:39+00:00; ;1582520564580634624;es;1;0;0;1;Twitter for Android;Alerta comerciantes de Chilpancingo estos dos rateros asaltaron la pasteler√≠a de la esquina de Allende y Margarito Dami√°n Vargas, andan armados y son peligrosos, ya son buscados por las fuerzas policiales. Si los ven, den√∫ncielos al 911 o tomen las medidas pertinentes. https://t.co/2LTm48cW52;1
2950677608;2022-10-18 23:54:31+00:00; ;1582520533635469312;es;4;0;0;1;Twitter for Android;Alerta comerciantes de Chilpancingo estos dos rateros asaltaron la pasteler√≠a de la esquina de Allende y Margarito Dami√°n Vargas, andan armados y son peligrosos, ya son buscados por las fuerzas policiales. Si los ven, den√∫ncielos al 911 o tomen las medidas pertinentes. https://t.co/XFwms7f7Az;1
1476795456931909632;2022-10-18 23:44:35+00:00; ;1582518031225614336;es;0;0;0;0;Twitter for Android;La prensa corrupta est√° m√°s al pendiente que presidente ayudo a quitar el visado a Reino Unido para evitar informar lo que se robaron en el narcogobierno de Duque. https://t.co/uwwZGfr6wT;0
2529316256;2022-10-18 23:37:47+00:00; ;1582516323732443139;es;0;0;0;0;Twitter for Android;Solo los que robaron con @IvanDuque reconocen su gran gesti√≥n. https://t.co/PLQzKZezUh;0
1325518404426620937;2022-10-18 23:35:55+00:00; ;1582515851265122304;es;41;0;0;1;Twitter for Android;[üé¨] Lee y Thiago de Richard's Majestic asaltaron un amunation con √©xito del cual escaparon al ver que la polic√≠a no llegaba al lugar https://t.co/JSaNcYLTuu;1
2242926522;2022-10-18 23:26:09+00:00; ;1582513392132112384;es;2;0;0;0;Twitter for Android;"üî¥ As√≠ asaltaron dos mujeres papeler√≠a en Coyoac√°n üëáüé•

üîπ A patadas, jalones de cabello y golpes, dos mujeres se enfrentaron a la encargada de una papeler√≠a, aparentemente despu√©s de intentar robar el negocio.

üìçhttps://t.co/T5AfCeUXaY

https://t.co/RnB4ipkJpq";1
1380153648320286728;2022-10-18 23:25:24+00:00; ;1582513205225869312;es;1;0;0;0;Twitter for Android;HIJOS DE PUTA ME ROBARON MI YOGURT https://t.co/bPIKsh3vAx;0
247455633;2022-10-18 23:23:09+00:00; ;1582512638718021632;es;0;0;0;1;Twitter Web App;"#Azuay | Detonaron cajero autom√°tico y asaltaron oficinas de la Fiscal√≠a de Cuenca 
 
AUDIO‚ñ∫ https://t.co/uuWXMotkwA https://t.co/tX1W6MeFnp";1
155270821;2022-10-18 23:14:10+00:00; ;1582510376431673345;es;0;0;0;0;Twitter for Android;"Otra m√°s que aspira a ocupar la  presidencia de M√©xico en 2024.
Las mismas formulas PRI√çSTAS de siempre. Si solos no pudieron y robaron a m√°s no poder, como pretenden ahora gobernar con una f√≥rmula de coalici√≥n, nunca lo han hecho, eso no es pensar en M√©xico. https://t.co/BzSpCNO2et";0
2790771818;2022-10-18 23:12:05+00:00; ;1582509852869681152;es;1;0;0;0;Twitter Web App;"üî¥ #TELENOCHE | Violento robo en una casa situada en Fray Luis Beltr√°n, una localidad cercana a la ciudad de Rosario.

Lo interceptaron, amenazaron  y lo metieron en la casa.
Le robaron tres millones de pesos y antes de irse, balearon el auto. Los delincuentes se dieron a la fuga https://t.co/ApzO412TtM";1
874997509;2022-10-18 23:08:35+00:00; ;1582508972967628800;es;0;0;0;0;Twitter Web App;El Pacha someter√° a la justicia a Jos√© Miguel Florencio, Hildania Florencio y a Miguel Pimentel Kareh por supuesta asociaci√≥n de malhechores en la OISOE. Se robaron m√°s de 10 mil millones y no han sido presos. https://t.co/ZYI6fOZYTI https://t.co/4ueZCNk2iI;1
1268261089470566400;2022-10-18 23:03:14+00:00; ;1582507626092318721;es;0;0;0;0;Twitter for Android;Tambi√©n en un mes como  hoy se robaron la democracia la √âlite y la #DerechaCorrupta @bdelamaza y un d√≠a como hoy  ,para no levantarnos temprano: para el metro ,pedir hora en salud y subir el pasaje y por los pol√≠ticos vendidos ,colusiones, se enojo el pueblo lo y se alz√≥ . https://t.co/FiKwvFqyJN https://t.co/LsHNlO7fBt;0
1154568898156605440;2022-10-18 22:54:22+00:00; ;1582505395662180352;es;14;1;0;11;Twitter Web App;"banditacis yaq tanto les gusta cotorrear con nosotrans, subirnos a sus reels, historias, etc es momento qse vea su ""apoyo a las trans q tanto predican en sus redes, ando faltosa de dinero y bueno mi principal medio para chambiar me lo robaron, ando juntado para armar otro, apoyen https://t.co/MaXKGkhip9";1
321278964;2022-10-18 22:53:54+00:00; ;1582505279392215040;es;467;56;35;363;Twitter for iPhone;se robaron a mi perrito y no se que hacer favor ayudenme compartiendolo y estar pendiente de un pincher de 5 meses https://t.co/hK8lqnLHQ0;1
1055392730229039106;2022-10-18 23:54:39+00:00; ;1582520564580634624;es;1;0;0;1;Twitter for Android;Alerta comerciantes de Chilpancingo estos dos rateros asaltaron la pasteler√≠a de la esquina de Allende y Margarito Dami√°n Vargas, andan armados y son peligrosos, ya son buscados por las fuerzas policiales. Si los ven, den√∫ncielos al 911 o tomen las medidas pertinentes. https://t.co/2LTm48cW52;1
2950677608;2022-10-18 23:54:31+00:00; ;1582520533635469312;es;4;0;0;1;Twitter for Android;Alerta comerciantes de Chilpancingo estos dos rateros asaltaron la pasteler√≠a de la esquina de Allende y Margarito Dami√°n Vargas, andan armados y son peligrosos, ya son buscados por las fuerzas policiales. Si los ven, den√∫ncielos al 911 o tomen las medidas pertinentes. https://t.co/XFwms7f7Az;1
1476795456931909632;2022-10-18 23:44:35+00:00; ;1582518031225614336;es;0;0;0;0;Twitter for Android;La prensa corrupta est√° m√°s al pendiente que presidente ayudo a quitar el visado a Reino Unido para evitar informar lo que se robaron en el narcogobierno de Duque. https://t.co/uwwZGfr6wT;0
2529316256;2022-10-18 23:37:47+00:00; ;1582516323732443139;es;0;0;0;0;Twitter for Android;Solo los que robaron con @IvanDuque reconocen su gran gesti√≥n. https://t.co/PLQzKZezUh;0
1325518404426620937;2022-10-18 23:35:55+00:00; ;1582515851265122304;es;41;0;0;1;Twitter for Android;[üé¨] Lee y Thiago de Richard's Majestic asaltaron un amunation con √©xito del cual escaparon al ver que la polic√≠a no llegaba al lugar https://t.co/JSaNcYLTuu;1
2242926522;2022-10-18 23:26:09+00:00; ;1582513392132112384;es;2;0;0;0;Twitter for Android;"üî¥ As√≠ asaltaron dos mujeres papeler√≠a en Coyoac√°n üëáüé•

üîπ A patadas, jalones de cabello y golpes, dos mujeres se enfrentaron a la encargada de una papeler√≠a, aparentemente despu√©s de intentar robar el negocio.

üìçhttps://t.co/T5AfCeUXaY

https://t.co/RnB4ipkJpq";1
1380153648320286728;2022-10-18 23:25:24+00:00; ;1582513205225869312;es;1;0;0;0;Twitter for Android;HIJOS DE PUTA ME ROBARON MI YOGURT https://t.co/bPIKsh3vAx;0
247455633;2022-10-18 23:23:09+00:00; ;1582512638718021632;es;0;0;0;1;Twitter Web App;"#Azuay | Detonaron cajero autom√°tico y asaltaron oficinas de la Fiscal√≠a de Cuenca 
 
AUDIO‚ñ∫ https://t.co/uuWXMotkwA https://t.co/tX1W6MeFnp";1
155270821;2022-10-18 23:14:10+00:00; ;1582510376431673345;es;0;0;0;0;Twitter for Android;"Otra m√°s que aspira a ocupar la  presidencia de M√©xico en 2024.
Las mismas formulas PRI√çSTAS de siempre. Si solos no pudieron y robaron a m√°s no poder, como pretenden ahora gobernar con una f√≥rmula de coalici√≥n, nunca lo han hecho, eso no es pensar en M√©xico. https://t.co/BzSpCNO2et";0
2790771818;2022-10-18 23:12:05+00:00; ;1582509852869681152;es;1;0;0;0;Twitter Web App;"üî¥ #TELENOCHE | Violento robo en una casa situada en Fray Luis Beltr√°n, una localidad cercana a la ciudad de Rosario.

Lo interceptaron, amenazaron  y lo metieron en la casa.
Le robaron tres millones de pesos y antes de irse, balearon el auto. Los delincuentes se dieron a la fuga https://t.co/ApzO412TtM";1
874997509;2022-10-18 23:08:35+00:00; ;1582508972967628800;es;0;0;0;0;Twitter Web App;El Pacha someter√° a la justicia a Jos√© Miguel Florencio, Hildania Florencio y a Miguel Pimentel Kareh por supuesta asociaci√≥n de malhechores en la OISOE. Se robaron m√°s de 10 mil millones y no han sido presos. https://t.co/ZYI6fOZYTI https://t.co/4ueZCNk2iI;1
1268261089470566400;2022-10-18 23:03:14+00:00; ;1582507626092318721;es;0;0;0;0;Twitter for Android;Tambi√©n en un mes como  hoy se robaron la democracia la √âlite y la #DerechaCorrupta @bdelamaza y un d√≠a como hoy  ,para no levantarnos temprano: para el metro ,pedir hora en salud y subir el pasaje y por los pol√≠ticos vendidos ,colusiones, se enojo el pueblo lo y se alz√≥ . https://t.co/FiKwvFqyJN https://t.co/LsHNlO7fBt;0
1154568898156605440;2022-10-18 22:54:22+00:00; ;1582505395662180352;es;14;1;0;11;Twitter Web App;"banditacis yaq tanto les gusta cotorrear con nosotrans, subirnos a sus reels, historias, etc es momento qse vea su ""apoyo a las trans q tanto predican en sus redes, ando faltosa de dinero y bueno mi principal medio para chambiar me lo robaron, ando juntado para armar otro, apoyen https://t.co/MaXKGkhip9";1
321278964;2022-10-18 22:53:54+00:00; ;1582505279392215040;es;563;69;42;421;Twitter for iPhone;se robaron a mi perrito y no se que hacer favor ayudenme compartiendolo y estar pendiente de un pincher de 5 meses https://t.co/hK8lqnLHQ0;1
91641974;2022-10-18 22:53:09+00:00; ;1582505088660430850;es;6;0;1;0;Twitter for Android;"‚ö°Ô∏èNUEVO VIDEO‚ö°Ô∏è
GAVI gan√≥ el GOLDEN BOY.
¬øROBARON A MUSIALA?
¬øQu√© hay de Adeyemi, Bellingham y Bukayo Saka?
üëáüèªüëáüèªüëáüèª
https://t.co/47vwcU6r5P https://t.co/iXoTnbCJOU";0
1581341898546896896;2022-10-18 22:51:48+00:00; ;1582504749772853249;es;3;0;1;0;Twitter for Android;"Le sacaron la xuxa a 2 weones que asaltaron. A una joven de 15 a√±os en Tocopilla 

Que bueno ,Me Alegro. https://t.co/UgJ53C8alg";1
385792166;2022-10-18 22:45:09+00:00; ;1582503077885591555;es;124;3;4;69;Twitter Web App;"1980. Persegu√≠an a la periodista Irma Flaquer. Su hijo Fernando recibi√≥ bala expansiva en la cabeza. Herida por choque contra una pared, Irma sali√≥ del carro pidiendo ayuda para su hijo; en ese momento la secuestraron. Torturada x meses fue asesinada. Fernando muri√≥ horas despu√©s https://t.co/DGbDklIp97";1
804551999035314176;2022-10-18 22:37:46+00:00; ;1582501218290913280;es;16;0;1;9;Twitter for Android;"#Video || As√≠ fue como este par de delincuentes #Asaltaron a usuarios de transporte p√∫blico, sobre la carretera #Mexico_Texcoco a la altura de #SanVicenteChicoloapan.

üé• Redes. https://t.co/YRLE5sVtvM";1
1285450299356913665;2022-10-18 22:36:01+00:00; ;1582500776470990848;es;28;0;0;16;Twitter for Android;"Oiga el @CeDemocratico y todos los que nos han gobernardo nos dec√≠an que quer√≠amos todo regalado, solo porque quer√≠amos un cambio, pero ellos se ROBARON todo lo incautado al narcotr√°fico.
#apoyoapetro15nov https://t.co/I621X2xYCz";0
36089412;2022-10-18 22:33:09+00:00; ;1582500056011182080;es;0;0;0;0;Twitter Web App;"Secuestraron un arma de fuego durante un operativo en un asentamiento de Guaymall√©n

https://t.co/As8rc3vyFB https://t.co/wdMbhFKxlZ";1
124165495;2022-10-18 22:33:08+00:00; ;1582500054027288576;es;2;0;0;2;Twitter Media Studio;"üìå As√≠ robaron una camioneta en la ciudad de Luque

Los agentes policiales presumen que los delincuentes ten√≠an una llave maestra o la copia. 

üî¥EN VIVO: https://t.co/pASLMhDBXb
#TelefuturoPy #TelediarioPy https://t.co/ccl8A2iiWe";1
1339023803142316032;2022-10-18 22:33:06+00:00; ;1582500045605126144;es;1;1;0;1;Twitter Web App;"L@S OFICIALES DE VIALIDAD *Toritas Y LOS EMPLEADOS DEL DEPOSITO VEHICULAR N¬∞ 2
ME ROBARON: 
1 ESTEREO KENWOOD 
1 AMPLIFICADOR
1 EPICENTRO
1 SUBWOOFER CON CAJ√ìN
PERO COMO LOS COMPR√â EN SAN JUAN DE DIOS Y NO TENGO FACTURA NO ME GANO NADA PONIENDO UNA DENUNCIA EN LA @FiscaliaJal https://t.co/PYlsEItLbX";1
1012873302;2022-10-18 22:30:06+00:00; ;1582499287178817538;es;100;0;0;4;Twitter for Android;Pos cambio de planes, me secuestraron para ver #BlackAdam https://t.co/9C9NwXQtzJ https://t.co/A9RSAVmS4o;0
212390384;2022-10-18 22:23:39+00:00;0021712c0bd7eec1;1582497667254747137;es;20;2;3;5;Twitter for iPhone;No hab√≠a otro √°rbitro mejor para este partido, o lo hicieron de gusto? Ojo, eh! Ya nos robaron 44 puntos y no nos vamos a dejar AFAnar de nuevo @FedericoBeligoy @tapiachiqui @CASMOficial @TyCSports https://t.co/doV4I99CXX;0
1470104898637373440;2022-10-18 22:21:34+00:00; ;1582497142706360320;es;665;10;34;317;Twitter for Android;"Salimos a las calles para que? Para que unos weones dijieron que no quer√≠an cambios y ahora lloran como magdalenas que les robaron su dinero? 
Ese es el chile, el sin empat√≠a, el que juega al.juego de Moraga ... El que caga caga 
#BloqueaLaDerecha https://t.co/nCmKrolcji";0
124165495;2022-10-18 22:15:07+00:00; ;1582495518785122304;es;1;0;0;1;Twitter Media Studio;"üìå Delincuentes ingresaron a robar a una tienda de venta de disfraces en el Mercado 4 de Asunci√≥n

Los malvivientes, quienes aparecen en c√°maras de seguridad, robaron prendas, dinero y computadoras 

üî¥ EN VIVO: https://t.co/pASLMhDBXb
#TelefuturoPy #TelediarioPy https://t.co/fnlCeULP2O";1
82750524;2022-10-18 22:13:59+00:00; ;1582495231211372544;es;0;0;0;1;Twitter for iPhone;"Tres ladrones robaron m√°s de medio mill√≥n de d√≥lares en la joyer√≠a de lujo Cellini, en Manhattan‚Ä¶. 5000 d√≥lares de recompensa‚Ä¶
 https://t.co/DfjXQVnLG1";1
2664581510;2022-10-18 22:12:02+00:00; ;1582494743065288704;es;45;0;3;3;Twitter for Android;"¬øSaben?
Hace 15 a√±os ten√≠a un piano, espere tambi√©n 15 a√±os para poder comprarme uno, de los mejores, sab√≠a que lo merec√≠a.
Hace 15 a√±os me lo robaron, y hoy estuve tocando uno donde un amigo,
cada fibra de mi ser siente vida cuando lo hago. As√≠ que: ¬°Quiero un piano!
üôèüòîüò¢ https://t.co/2oVzRabaLy";1
18872608;2022-10-18 22:06:28+00:00; ;1582493340410388480;es;0;0;0;0;Echobox;Una banda de seis ladrones rob√≥ 20 autos de lujo de un concesionario de Queens y la polic√≠a ahora teme que los veh√≠culos se utilicen para cometer otros cr√≠menes alrededor de Nueva York üöóüö® https://t.co/sY2rzYomfE https://t.co/KUmiKt8TSc;1
350597001;2022-10-18 22:02:03+00:00; ;1582492228412284928;es;6;0;0;0;Twitter for Android;a alguien le robaron el cel üò´ https://t.co/clt7o4jNRk;1
1752134382;2022-10-18 22:00:43+00:00; ;1582491893585178624;es;1;0;0;0;Twitter Web App;Femicidio en Belgrano: le robaron una fortuna, la mataron y su cuerpo fue hallado un mes despu√©s https://t.co/2Hwtf7UVhB;1
255476951;2022-10-18 21:56:31+00:00; ;1582490836364763136;es;15;0;3;4;Twitter for Android;"Che @ObservadorUY
¬øEs realmente relevante para la noticia que las estafadoras sean gitanas y destacarlo varias veces en la noticia?

""Dos gitanas estafaron a una mujer de 72 a√±os y le robaron US$ 20 mil""
https://t.co/q8BfttPf4h https://t.co/5JrWqrzEAK";1
219724520;2022-10-18 21:50:48+00:00; ;1582489396502474752;es;0;0;0;1;Twitter Web App;"¬øQu√© hacer si ùóøùóºùóØùóÆùóøùóºùóª ùòÅùòÇ #ùó∞ùòÇùó≤ùóªùòÅùóÆ ùó±ùó≤ #ùóöùó∫ùóÆùó∂ùóπ? üò±

üëâ Te compartimos los pasos que debes seguir para recuperarla y algunas recomendaciones para evitar que pase.

Ingresa aqu√≠:

https://t.co/fQpgeJBLK0 v√≠a @ESETLA

#Ciberseguridad #Configuraci√≥n #2FA https://t.co/bETSzOEoHB";0
293524453;2022-10-18 21:50:30+00:00; ;1582489322334277633;es;0;0;0;0;Twitter for Android;"JUANITO  NOS  PELA EL PEPINO  T√ö VOTO .....
QUE TE VAS TE VAS PARASITO.....
FAMILIA DE MA√ëOSOS....
DEVOLVE LO ROBARON MA√ëOSO SINVERG√úENZA CRIMINAL 
APELLIDO DE MA√ëOSOS CRIMINALES https://t.co/DfcqhGDywA https://t.co/fzq9dsQNee";0
4189768101;2022-10-18 21:48:04+00:00; ;1582488712427945984;es;0;1;0;0;Twitter Web App;Le robaron la hija al tonto de Norton üòà @pxhoria_ https://t.co/yOTqaEBRlL;0
753022150030856193;2022-10-18 21:47:11+00:00; ;1582488486359072768;es;2;0;0;0;Twitter for Android;La tarde de este martes, se report√≥ a un taxista lesionado el cual habr√≠a sido atacado con un cuchillo en el cuello por ladrones quienes le robaron su veh√≠culo de trabajo sobre los Arcos de #Tamoanchan en el municipio de #Jiutepec. https://t.co/SSA82bOVd7;1
1351404680073654283;2022-10-18 21:41:23+00:00; ;1582487026846162945;es;2;0;0;0;Twitter for Android;"_OFICIAL üö®

_estos son los jugadores con ""M√ÅS BALONES DE ORO MERECIDAMENTE"" üëè

‚ñ†„Äã¬° OJO ! a cristiano le robaron 2 balones de oro üßêüáµüáπüêê

_  ¬°¬°¬°¬° MR BAL√ìN DE ORO !!!! üáµüáπüêêüëë https://t.co/nsHg6leRqM";0
1429949851945549830;2022-10-18 21:41:03+00:00; ;1582486944071548928;es;29;0;0;7;Twitter for iPhone;Chile si hubieran metido presos a los que robaron el pa√≠s en la dictadura y a los concertas del caso Coimas y Mop-gate https://t.co/z64Om74bCi;0
1366747983270838274;2022-10-18 21:35:49+00:00; ;1582485628071153669;es;0;0;0;0;Twitter;"La tr√°gica y extra√±a historia de c√≥mo le robaron el cerebro a Albert Einstein
#AlbertEinstein
https://t.co/26qYkG1KMJ https://t.co/tuaaoMybJ9";1
1361770364099985410;2022-10-18 21:34:20+00:00; ;1582485253133783041;es;0;0;0;0;Twitter for Android;Esta dlv mi situaci√≥n ya no tengo cosas de que me asaltaron esa vez y ya tampoco tengo vieja üò• https://t.co/RWEnJvDUlb;1
219294069;2022-10-18 21:30:05+00:00; ;1582484185788592131;es;0;0;0;0;dlvr.it;Ciudad: robaron un auto con una fortuna en el interior https://t.co/WzzLFIdWLc https://t.co/4H0UsCx5lA;1
1177981415440470016;2022-10-18 21:25:12+00:00; ;1582482957285339137;es;0;0;0;0;Twitter for Android;En que me ayuda esto a mi que me lo digas Lao, si me dices que ya est√°n siendo procesados y obligados a pagar lo que le robaron a la caja, o sea al pueblo, entonces si me dices algo. üòë https://t.co/2CzAfeavY6;0
385211626;2022-10-18 21:20:50+00:00; ;1582481856032669696;es;10;0;0;0;Twitter Web App;"Yo cont√°ndole a mis papas que me robaron el celular 
Mi pap√°: 
Jajajajaj https://t.co/bX9XLbBVlX";0
52201864;2022-10-18 21:16:39+00:00; ;1582480803111800832;es;1631;54;153;798;Twitter for iPhone;Me robaron. La @PoliciaPeru de tr√°nsito SIEMPRE prioriza el pase de Faucett y nos deja parados en Morales Duarez m√°s de 20min.Somos presa f√°cil para ladrones q SIEMPRE est√°n ah√≠, t golpean muy fuerte la luna y amenazan con acuchillarte. La polic√≠a sabe quienes son y NO HACEN NADA https://t.co/M4sYvGBIsJ;1
1069546740;2022-10-18 21:14:28+00:00; ;1582480254702354432;es;0;0;0;0;Twitter Web App;"üü† Robaron celulares en la Feria Hidalgo 2022

https://t.co/XjCw2n7e2G https://t.co/clFmC88dPh";1
137486112;2022-10-18 21:13:42+00:00; ;1582480063140081664;es;4;0;2;3;Welo.tv;"üî¥ Brutal femicidio en Belgrano | Su ex estaba pr√≥fugo y la mat√≥

üëâ La torturaron, la asfixiaron y le robaron.

Cc @AmericaNoticias https://t.co/IAIjIwtMO1";1
1462541941;2022-10-18 21:01:28+00:00;000426466c9f6e32;1582476984407691264;es;44;18;26;35;Twitter for Android;Se√±ores una hermana m√≠a lleg√≥ hoy de Pennsylvania y la saquearon sus Maletas y le robaron de todo. Ropa perfumes, prendas. Dios mio que pike e impotencia. @AndyOmar31 @GPC_Careers @matiasgarciard @LuisinJimenezc @edwintrinidad @nuriapiera https://t.co/rXJ20xj1yG https://t.co/XEn9RG9W2I;1
1448118770577383426;2022-10-18 21:00:01+00:00; ;1582476619314257949;es;1;0;0;0;Twitter Web App;"¬øTe robaron tu medidor de agua?

Levantes tu denuncia f√≠sica o virtual en: https://t.co/MXn3r6htlA
 
Despu√©s, acude a tu AAC m√°s cercana, realiza tu reporte e ingresa el tr√°mite de instalaci√≥n de medidor.
 
üìçConsulta la ubicaci√≥n de nuestras AAC: üëâhttps://t.co/DLSrZUC3jj https://t.co/YQNfgxRpB6";0
1452811187872227330;2022-10-18 20:59:05+00:00; ;1582476382998700032;es;0;0;0;0;Twitter for iPhone;En la comuna de San Joaquin  ser√° vendido el terreno y sabes  ¬øpor qu√© ? Porque los hijos de putas se robaron el supermercado completo hasta dejarlo vac√≠o el #18DeOctubre , mi pregunta qui√©n invertir√≠a nuevamente despu√©s  de los sucedido @munisanjoaquin https://t.co/hOsUiy4Laz;0
135021057;2022-10-18 20:57:06+00:00; ;1582475883163459584;es;8;0;1;0;Twitter for iPhone;me robaron el tel√©fono hace 4 d√≠as y el √∫nico sticker que tengo es este, no he necesitado otro desde entonces https://t.co/t3VZZmoi8g;1
701972561731538944;2022-10-18 20:53:42+00:00; ;1582475030457651200;es;0;0;0;1;Twitter for Android;"Por si alguien la ve,me robaron mi troquita, ayuda amigos!!! Compartanüôèüèº
#robada #sanmateoatenco https://t.co/KCDeJRtnqv";1
1427413644955033601;2022-10-18 20:51:55+00:00; ;1582474581272514561;es;19;0;2;1;Twitter for Android;"Merendando con mi boomer abuela sobre la situaci√≥n del pa√≠s me dice 
- les quiero hacer sacar la ciudadan√≠a,  esto no da para m√°s, nunca estuvimos peor!!
+ Siempre se sale adelante, o no viviste el 2001?
- Ay no se! Yo en el 2001 estaba barbara *la secuestraron* https://t.co/CZpQaQu9sy";0
1528428913906548742;2022-10-18 20:51:03+00:00; ;1582474363231608832;es;12;0;3;2;Twitter for iPhone;Que hijos de la gran puta, se robaron mi cargador de la computadora. https://t.co/jdTZpQFL27;1
1497313191650598916;2022-10-18 20:48:55+00:00; ;1582473825819627520;es;6;0;0;0;Twitter for Android;"Tres ladrones robaron m√°s de medio mill√≥n de d√≥lares en la joyer√≠a de lujo Cellini, en Manhattan.

#Noticias #Robo #Breaking #Viral #News #NewYork #Cellini #Manhattan https://t.co/CkqEPVuyk1";1
263892534;2022-10-18 20:40:54+00:00; ;1582471807805685760;es;0;0;0;0;Twitter Web App;"üö®ATENCI√ìN || esta madrugada, cerca de las 04:20, cuatro delincuentes hicieron explotar y robaron un cajero del Banco de Guayaquil, 
üåêhttps://t.co/tKpKfv9Esj 
El hecho se produjo en la Universidad Cat√≥lica de Cuenca, üá™üá®Ecuador, en la calle Humboldt y avenida De Las Am√©ricas. https://t.co/4R6hbydPKs";1
23592573;2022-10-18 20:39:49+00:00; ;1582471535050518528;es;0;0;0;0;Twitter for iPhone;Volamos a Macei√≥ por #Gol üáßüá∑, iban a ser una lindas vacaciones. Pero, result√≥ q en la ida y la vuelta rompieron los candados de la valija (2 veces) y nos robaron zapatillas y perfumes. Reclamamos a la empresa ‚Äúesto es com√∫n‚Äù dijeron y esta es la respuesta! üò° de @VoeGOLoficial https://t.co/9lJboJr7IY;1
133112179;2022-10-18 20:37:04+00:00; ;1582470843292344321;es;0;0;0;0;dlvr.it;Santo Tom√©: robaron en un country y se llevaron una suma millonaria https://t.co/l6MOF5EeCt https://t.co/9coBhZt3cJ;1
1324133498400157699;2022-10-18 20:34:16+00:00; ;1582470137743290368;es;13;0;1;1;Twitter for Android;Buenos dias, me llevo el credito de que yo grabe eso aunque mis amigos me los robaron JAJSJAJAJüòç https://t.co/o9rrbEmTU0 https://t.co/WAJgVgAXvn;0
900122660537077762;2022-10-18 20:30:00+00:00; ;1582469065041494016;es;4;0;0;1;TweetDeck;"Robaron 12 mil d√≥lares y monedas de oro y plata en domicilio de San Pedro, Nuevo Le√≥n

https://t.co/7PhWkGHPXw https://t.co/mJu1iTBkAo";1
40105598;2022-10-18 20:30:00+00:00; ;1582469063393026050;es;2;0;0;0;TweetDeck;"Robaron 12 mil d√≥lares y monedas de oro y plata en domicilio de San Pedro, Nuevo Le√≥n

https://t.co/0S6KY62orR https://t.co/FdmhpaWiQB";1
55568326;2022-10-18 20:23:30+00:00; ;1582467430743347202;es;0;0;0;1;Twitter Web App;"Robaron un taxi del sitio 28 y lo dejan en colonia Santa Mar√≠a 

https://t.co/e7ZvAEyOIp 

#Enterate #NoticiasPV #PuertoVallarta #Jalisco #Bah√≠aDeBanderas #Nayarit #RivieraNayarit https://t.co/Uqp6TQahZw";1
50858041;2022-10-18 20:23:15+00:00; ;1582467364108800000;es;10;0;0;5;Twitter for Android;Tres semanas sin energ√≠a y me llego la factura de 150.00, esta del carajo!! Uno llama y te recitan la misma historia y no te resuelven. Se robaron 600 millones del pueblo, le llenaron los bolsillos a Pipo para su campa√±a, ¬øY usted se queda sentado?? No solo a mi, revisen! https://t.co/XmEYkQMp77;0
154202578;2022-10-18 20:18:21+00:00; ;1582466131830636545;es;0;0;1;0;Twitter for Android;"SOLO DE MAL PENSADO QUE ES UNO. NICOL√ÅS APRUEBA UN MONTO DE DINERO(se cuid√≥,no lo dijo)QUE IMAGINO DEBE SER UNA FORTUNA,PARA LA RECUPERACI√ìN DE LAS TEJER√çAS-ARAGUA. EXCELENTE,PERO PORQU√â SER√Å QUE MI MENTE VUELA a la estupidez de Ch√°vez de""SANEAR EL GUAIRE"" Y DONDE SE ROBARON TODO https://t.co/EgZ5KugwdS";0
1500160328805629961;2022-10-18 20:17:51+00:00; ;1582466008425828352;es;0;0;0;0;Twitter for Android;"#Daule 

ATENTO ECUADOR üá™üá® EN #MACHALA
@LassoGuillermo
@CapiZapataEC
@PoliciaEcuador

üëÅÔ∏è Ojo al Cristo ciudadan√≠a delincuentes asaltaron a clientes que se encontraban en un restaurante donde se robaron dinero y algunos celularesüì±.

#PeriodicoLaVozDeDaule https://t.co/wHbwZ2dNEl";1
166395732;2022-10-18 20:15:00+00:00; ;1582465288523591680;es;0;0;0;0;Twitter Web App;TRABAJARON BOMBEROS üö® Un voraz incendio en Gonnet gener√≥ alarma en un colegio cercano üëâhttps://t.co/1dMyue86y0 https://t.co/Y4SzdXeBsP;0
228382836;2022-10-18 20:10:26+00:00; ;1582464142451040264;es;0;0;0;0;Twitter for Android;Llegando a playa del carmen y todo emputado por que me robaron mi pikachu!!! Ahora el karma me debe algo ü§® https://t.co/LOkcux8bX4;0
1015440699037081600;2022-10-18 20:08:42+00:00; ;1582463702493642752;es;1;0;1;0;Twitter for iPad;"Hasta donde pretenden los delincuentes burlarse de la polic√≠a?
Tres sujetos ‚Äúse robaron una patrulla‚Äù de la polic√≠a de #Tocatlan cuyos elementos denunciaron el hecho al 911 logrando el apoyo de la @SSC_TLX y de otros municipios que ubicaron a los ‚Äúmalos‚Äù tras chocar el veh√≠culo. https://t.co/1f8oDE7yig";1
964064920601092096;2022-10-18 20:04:26+00:00; ;1582462628462370816;es;7;0;2;2;Twitter for iPhone;"#HouseOfTheDragonHBO 

Acabo de ver el noveno cap√≠tulo y solo puedo decir que estoy intrigad√≠sima con el personaje de Aemond, me parece brutal. 

Estos tres, tanto personajes como actrices/actor, robaron el episodio üëèüèº https://t.co/GBCN6csJwj";0
1162074869204508676;2022-10-18 20:02:04+00:00; ;1582462035522387970;es;19;0;1;0;Twitter for iPhone;"Asaltaron el Oxxo que est√° enseguida de mi oficina mientras yo buscaba un Mazap√°n con chocolate. La c√±ora cajera actu√≥ super bien, muy valiente y tranquila. Yo solo me hice mega pendeja y me met√≠ el tel√©fono en la chola üò≠
A√±ado descripci√≥n gr√°fica: https://t.co/Dzp29bU5VT https://t.co/9r8DhFYd2E";1
228382836;2022-10-18 20:01:17+00:00; ;1582461837030719488;es;0;0;1;0;Twitter for Android;Nos robaron el pikachu!!! Nooo dios se√±or todo poderosooo porkeeeeee!!!!!!!!! üò©üò©üò©üò© https://t.co/fDHcITbSGw;0
1566504865395769347;2022-10-18 20:00:57+00:00; ;1582461753840979968;es;49;1;3;4;Twitter for Android;Para el que tenia mi WhatsApp que me escriba al dm porque me robaron el tel√©fono https://t.co/NgVfkNNrXn;1
749058883419648000;2022-10-18 19:56:25+00:00; ;1582460613992718336;es;3;2;0;6;Twitter for Android;Hoy 18 de Octubre del 2022, hace como una hora se robaron la camioneta de mi mam√°, el nuestro transporte de trabajo que sin eso no podemos trabajar por favor, lo robaron en la regi√≥n 96, donde se pone el tianguis por la CFE, del municipio de Benito Ju√°rez (Canc√∫n),. https://t.co/oZRFjlqQ2o;1
962696275;2022-10-18 19:55:54+00:00; ;1582460481993785344;es;0;0;0;1;Twitter for Android;MIREN ESTA PERLA ü§¨TODO LO Q SE ROBARON,NINGUN DETENIDO PORQ EL √öNICO ERA EL Y ESTABA EN SU CASA POR C√ÅRCEL..Y AHORA PERMISO PARA TRABAJARüëâüèΩY UNA PERSONA CUANDO TIENE ANTECEDENTES COMO ESTE DELINCUENTE Q AUN ESTA PAGANDO SU CONDENA LA PROCURADUR√çA NO LO DEJAüëâüèΩPORQ ESTA RATA SI ü§¨ https://t.co/7IBIGpkZ19;0
1006903760487006209;2022-10-18 19:51:30+00:00; ;1582459377591627776;es;1156;15;55;845;Twitter for Android;Ac√° la reacci√≥n encubridora de Sim√≥n Oliveros en pleno Estallido Social cuando un joven denunci√≥ que Pi√±era y Cecilia Morel le robaron el programa elige vivir sano, y que Pi√±era hab√≠a vendido el Litio a los Chinos en su primer Gobierno. Ojo la cara de Allamand y otros pol√≠ticos. https://t.co/VAQqDwnAFF;0
4421089396;2022-10-18 19:51:04+00:00; ;1582459266904260611;es;1;0;0;1;dlvr.it;Robaron mi cuenta de Gmail: ¬øC√≥mo la recupero? https://t.co/Y8783vjgtv https://t.co/DwK0thpvDF;0
62325148;2022-10-18 19:50:14+00:00; ;1582459058811850753;es;180;14;52;121;Twitter Web App;üö®Con cuchillo en mano le robaron la bicicleta a un joven en el sector del puente de Juanchito. Un ciudadano logr√≥ grabar el momento cuando lo intimidan y desaparecen. https://t.co/ZXkPiKireo;1
888278637685821442;2022-10-18 19:49:36+00:00; ;1582458895896743937;es;6;0;1;0;Twitter Web App;"Ayuda banda ... me secuestraron en nombre de no se quien .. necesito un heroe o heroina :c ! 
Enviado desde:
CloudWacasappMental. https://t.co/9zQFbZh0vP";0
772102326;2022-10-18 19:41:16+00:00; ;1582456801349337088;es;0;0;0;0;SMAP Lite;"Robo en un kiosco - https://t.co/aRHeQvqKsb

La Secretar√≠a de Seguridad de la Municipalidad de Arrecifes inform√≥ que, el √∫ltimo domingo, un vecino denunci√≥ que le robaron varias mercader√≠as del kiosco que tiene en su domicilio.

El hecho ocurri√≥ a las nueve y media de la m... https://t.co/fyWIC9zGTf";1
309462059;2022-10-18 19:39:03+00:00; ;1582456243150807040;es;0;0;0;0;Tweet Suite;#ESET Robaron mi cuenta de Gmail: ¬øC√≥mo la recupero? https://t.co/d6IdWI4qQv https://t.co/c6sa441S1A;0
805736766;2022-10-18 19:35:42+00:00; ;1582455399667507200;es;0;0;0;0;Twitter for Android;"Estados Unidos sab√≠a que Alex Saab era diplomatico cuando lo secuestraron. Lo dijo Mark Esper en su libro y lo refrendan los documentos recientemente encontrados. 
#FreeAlexSaab
@StateDept @StateSPEHA @TheJusticeDept @SecBlinken @nytimes https://t.co/fJw9VTMtkk https://t.co/gCqli9EAdu";1
1248303010033422339;2022-10-18 19:31:57+00:00; ;1582454456104685568;es;12;0;0;3;Twitter for Android;Ni olvido ni perd√≥n al que nos robaron en el 94 Paolo querido https://t.co/wJmAm7Ygri https://t.co/xQdO2hEUcq;0
121533235;2022-10-18 19:31:35+00:00; ;1582454363343446017;es;1;0;0;0;dlvr.it;Robaron mi cuenta de Gmail: ¬øC√≥mo la recupero? https://t.co/80U2I5ZtIq https://t.co/DoQsa9h2Hl;0
8877352;2022-10-18 19:30:00+00:00; ;1582453966796951556;es;0;0;0;0;TweetDeck;"Ingresaron al Hospital y le robaron el comando de la sirena y las balizas de una ambulancia

https://t.co/3FaBQCoXSs https://t.co/2otnWhct5E";1
166395732;2022-10-18 19:30:00+00:00; ;1582453966486573084;es;1;0;0;0;Twitter Web App;LOS HORNOS üö® Brutal ataque de motochorros en La Plata: enca√±onaron a dos j√≥venes y les robaron todo üëâhttps://t.co/1dMyudQvGs https://t.co/FZstk1VrXK;1
382748730;2022-10-18 19:19:04+00:00; ;1582451212267704320;es;1;0;0;1;Twitter for Android;En CDE asaltaron a un cambista y lo hirieron, los delincuentes fueron aprehendidos por la @policia_py con ayuda de los transe√∫ntes. @ParaguayGigante https://t.co/fyOU1BeRtZ;1
859205968797863938;2022-10-18 19:16:11+00:00; ;1582450489370636289;es;4;0;0;0;Twitter for iPhone;Quien se acuerda del celular q me robaron que ahora est√° en Marruecos living her best life la perrita https://t.co/kSAQItVvJ9;1
2225428381;2022-10-18 19:07:14+00:00; ;1582448234475425792;es;2;0;0;1;Twitter for Android;"#elRoboDelSiglo
#BalonDeOroPara 
#ArizabaletaLameCulos 
OIGAN COMO URIBE Y SUS C√ìMPLICES SE ROBARON EL PA√çS POR D√âCADAS
Y USTED URIBESTIA COMPLICE DE ESTAS HPTAS RATAS https://t.co/xLmqrjnEib";0
1449131316771971076;2022-10-18 19:06:07+00:00; ;1582447955139006464;es;0;0;0;0;Twitter for iPhone;#robo | Cuatro hombres robaron y destruyeron un #cajeroautom√°tico al interior de la Universidad Cat√≥lica de Cuenca, la madrugada de este martes 18 de octubre. Los guardias informaron que el robo se hizo en no m√°s de tres minutos. https://t.co/xsm5JiiCKC;1
147598109;2022-10-18 19:05:24+00:00; ;1582447774121222144;es;0;0;0;0;Twitter Web App;TIENEN ELALMA PODRIDA DE TANTA CORRUPCION, LUCRAN CON E HAMBRE DE LOS QUE MENOS TIENEN, ESTE ES EL VERDADERO FA. ROBARON 38 TON DE COMIDA DELAS OLLAS DEL PUEBLO. COBARDES https://t.co/OboDri4mnP https://t.co/w1g4BqHjea;0
898654212;2022-10-18 18:56:57+00:00; ;1582445648666054656;es;1;0;0;0;Twitter for Android;"Este video no tiene desperdicio literalmente como le robaron la final a Mat√≠as, fue el √∫nico que entendi√≥ el juego y hacia sacar a Francisco delgado de una manera incre√≠ble JAHSJSJA amamos 

#GranHermano2022 https://t.co/Ekq3LTmVUq";0
2372043480;2022-10-18 18:55:37+00:00; ;1582445312249319424;es;0;0;0;0;Twitter for iPhone;üî¥ II Divulgan #video de como #delincuentes asaltaron a una pareja en R√≠o Balsas de la colonia #SanManuel de #Puebla capital. #Inseguridad #FaroDigital üëáüèΩ https://t.co/ioRUWua1cL;1
193558055;2022-10-18 18:54:19+00:00; ;1582444984690622464;es;0;0;0;0;Twitter for iPhone;üî¥ II Divulgan #video de como #delincuentes asaltaron a una pareja en R√≠o Balsas de la colonia #SanManuel de #Puebla capital. #Inseguridad #FaroDigital üëáüèΩ https://t.co/bXlAPClnlw;1
871426578500247552;2022-10-18 18:47:31+00:00; ;1582443272492179456;es;2;0;1;0;Twitter for iPhone;"En el 2017 me robaron la moto en la casa de la viko. 
Apareci√≥ entera a los tres d√≠as. Hasta ahora no puedo entender el culo que tuve üòÜ https://t.co/8IGTJT8Ucm";1
955161905412362240;2022-10-18 18:46:46+00:00; ;1582443083810996224;es;0;0;0;0;Twitter for Android;A Sandra le robaron hasta el corrector ortogr√°fico, f√≠jese... Ah√≠ se nota que est√° mala la cosa üôä https://t.co/YShmrPfXEG;0
867141794;2022-10-18 18:44:19+00:00; ;1582442469270380545;es;26;2;1;0;Twitter for iPhone;La inseguridad en Bogot√° est√° tan mal, que en una casa les robaron hasta los cuadernos a los ni√±os. Eso es ser uno muy hp. https://t.co/Eij7WIbmEx;1
736353827251585024;2022-10-18 18:44:13+00:00; ;1582442441697030144;es;0;0;0;0;Twitter for Android;"‚ùåüóë #Robaron millones de pesos con facturas #falsas en inexistente limpia del r√≠o #Atoyac ‚¨áÔ∏è

 https://t.co/bMebND5JF2 https://t.co/cBMKpyBdrQ";1
1143680027076235264;2022-10-18 18:43:24+00:00; ;1582442238998499330;es;26;0;3;14;Twitter for Android;gente a Light le robaron la cuenta y empezaron a retwittear weas NFT's, ha dicho que la denuncien por hackeo y esta es su nueva cuenta para que lo vayan a seguir, lo ayudar√≠an mucho si lo difunden por favor https://t.co/eJ3i7ZFTMi;1
902735670824849409;2022-10-18 18:43:10+00:00; ;1582442180076969985;es;0;0;0;1;Twitter for Android;"‚ùåüóë #Robaron millones de pesos con facturas #falsas en inexistente limpia del r√≠o #Atoyac ‚¨áÔ∏è

 https://t.co/glBRTO7zXk https://t.co/5iEg9pn5YS";1
119239623;2022-10-20 14:16:37+00:00;0032fe6c612e7934;1583099877130928128;es;0;0;0;0;Twitter for Android;#QuejaVecinal reiterados robos en la Escuela 10 de barrio La Josefa de la calle Zaval√≠a y F√©lix Fern√°ndez. Anoche rompieron la puerta del comedor, robaron electrodom√©sticos y mercader√≠a, üöîCP zona 5 y polic√≠a Cient√≠fica. Solicitaron podar los √°rboles para despejar la c√°mara. https://t.co/aDyCOI2OVH;1
582262732;2022-10-20 14:16:14+00:00; ;1583099778249805824;es;0;0;0;0;Twitter for Android;"#Policiaca | üö® Sujetos armados a bordo de motocicleta asaltaron una farmacia ubicada en la Avenida Diana de #Cuernavaca, esta ma√±ana. 
No hubo heridos, y en la zona se despleg√≥ un operativo para dar con los responsables. https://t.co/vRaEga588H";1
941052264868995072;2022-10-20 14:10:02+00:00; ;1583098217469595649;es;0;0;0;0;Buffer;"me lo acaban de robar en la madrugada es un Chevy blanco 2001 lo usamos para transportar amis hijos üôè se lo robaron en la calle norte 1 col ferrocarrilera frente al parque donde est√° el kiosko.  Compartan por favor no saben lo que nos cost√≥ comprarlo .placas 
MHC-43-31 https://t.co/NRtHVau9Yk";1
77650086;2022-10-20 14:09:09+00:00; ;1583097994890870785;es;2;0;0;1;Twitter for iPhone;#√öltimaHora Asaltan la Farmacia Guadalajara en avenida Diana en #Cuernavaca, los sujetos armados encerraron a los trabajadores y robaron dinero y pertenencias. Hay operativo polic√≠aco en la zona. En las √∫ltimas 24 horas negocios de la capital han sido blanco de asaltos. https://t.co/D664AgpAGq;1
1223560822284345345;2022-10-20 14:05:43+00:00; ;1583097131602087937;es;6;0;0;3;Twitter for Android;La edici√≥n de SV2021 siempre ser√° conocida como la edici√≥n del TONGO,donde bloquearon las l√≠neas telef√≥nicas,robaron el premio al ganador y a sus seguidores.El Ganador sin dudarlo es Gianmarco Onestini. https://t.co/OrzXj1y32d;0
1280118607494746113;2022-10-20 14:05:24+00:00; ;1583097052220731392;es;2;0;0;0;Twitter for Android;"Chaleee jajajj y yo no compr√© boletos porque 
1 El cine est√° a dos horas 
2 Por la hora
3 Porque ah√≠ me robaron mi celular xd

Espero que lo pongan en streaming https://t.co/hGwY8X9qwd";0
3321018585;2022-10-20 14:04:47+00:00; ;1583096895735373826;es;0;0;0;0;Twitter for iPhone;C√≥mo robaron Mon√≥meros y el papel de Leopoldo L√≥pez y Guaid√≥ https://t.co/8kO9uDO0Bs;0
1375872661251833866;2022-10-20 14:01:26+00:00; ;1583096053993115648;es;0;0;0;0;Twitter for Android;#Seguridad | üî¥ Sujetos armados a bordo de motocicleta asaltaron una farmacia ubicada en la Avenida Diana de #Cuernavaca, esta ma√±ana. No hubo heridos, y en la zona se despleg√≥ un operativo para dar con los responsables. https://t.co/gbiyGygMz1;1
1440075523028185092;2022-10-20 14:01:12+00:00; ;1583095994241421313;es;0;0;0;0;Twitter for Android;#Seguridad | üî¥ Sujetos armados a bordo de motocicleta asaltaron una farmacia ubicada en la Avenida Diana de #Cuernavaca, esta ma√±ana. No hubo heridos, y en la zona se despleg√≥ un operativo para dar con los responsables. https://t.co/gqvz8IJyI7;1
2169379734;2022-10-20 13:55:43+00:00; ;1583094614940319744;es;2;0;1;2;Twitter for iPhone;A MUJER LE ROBARON CAMIONETA A MANO ARMADA./ La noche del mi√©rcoles fue muy violenta. Asaltos en 3 restaurantes en Cuernavaca y en Cuautla, en Casasano a punta de pistola bajaron a Nayla Carolina Ruiz para despojarla de una camioneta marca Toyota, Rav4, 2019, placas PYL827A. https://t.co/DG480a1JVW;1
1167677289636798464;2022-10-20 13:47:14+00:00; ;1583092481872519171;es;1;0;0;0;Twitter for Android;"Literalmente nos robaron una final. Lo de la temporada 19/20 es un invento total, cambiaron el reglamento sobre la marcha y dos a√±os m√°s tarde.

A River lo duermen en el arbitraje y en las copas. https://t.co/eOSDSKyDzG";0
1256967611675443200;2022-10-20 13:45:43+00:00;07d9de6efa082000;1583092097963687938;es;0;0;1;0;Twitter for Android;"Buenos dias
Se robaron esta moto en la Zona 1 de Mixco por si la ven porfavor dar informacion a los numeros 
Tel:4953-0920
Tel:4727-6850
Compartan porfavor https://t.co/Q64djTjpYf";1
771086790849626112;2022-10-20 13:44:58+00:00; ;1583091909933043713;es;0;0;0;1;Twitter for Android;"#Cojedes | Al menos siete familias que  viven en el sector San Miguel II de la parroquia El Ba√∫l, mpio. Girardot, informaron que tienen 20 a√±os que no les llega agua a sus hogares porque se robaron 300 metros de tuber√≠a y las conexiones.

Solicitan ayuda al gobierno local. https://t.co/i86erjJhxC";1
315451237;2022-10-20 13:44:08+00:00; ;1583091700548845568;es;9;1;0;10;Twitter for iPhone;"#Cuernavaca presencia policiaca en Avenida Diana, asaltaron La Farmacia Guadalajara.! #MorelosInseguro 
08:40 https://t.co/cf3d4bS2C1";1
626174250;2022-10-20 13:43:36+00:00; ;1583091565329018881;es;0;0;0;0;Twitter for iPhone;Desde que me robaron el celular los amigos de lo ajeno. No hacen sino enviar mensajes‚Ä¶pero toca ser muy inocente para no ver el FLYNDMY ü§£ü§£ü§£ https://t.co/Ok0NRBz2Zb;1
1498008786547712004;2022-10-20 13:37:57+00:00; ;1583090144118046720;es;1;0;0;1;Twitter for Android;#ElPaisVa SE robaron Todo Todo !! Y estaban Los medios callados !! Dejaron puestos anclados, funcionarios corruptos !! El Dolan no solo sube en Colombia se√±ores lamedores de cu**o https://t.co/RfLe4kAEKQ;0
2173864046;2022-10-20 13:36:59+00:00; ;1583089901649924096;es;0;0;0;0;Twitter Web App;"Peatones y ciclistas apuntaron al robo de varias rejillas de desag√ºe en la Rotonda de Limache, principalmente ante posibles accidentes que podr√≠an provocarse, sobretodo en la noche al no poder visualizarse correctamente.

NOTA.
https://t.co/Do3QuaILEo https://t.co/HsQq8ADNOT";1
1517131304386580487;2022-10-20 13:31:26+00:00; ;1583088506527965184;es;2;0;1;3;Twitter for Android;Nos tiran el dato que los hermanos linares encabezado por el malandro mayor carlos linares se robaron pr√°cticamente el futuro agr√≠cola de #cojedes se lo llevaron todo y de paso le quedaron debiendo a todo el Mundo real para darse la gran vida y no pagaron empezando por el https://t.co/E1VW313zca;0
1283105062190030849;2022-10-20 13:30:00+00:00; ;1583088142667681795;es;0;0;0;0;TweetDeck;"#URGENTE 
¬°ROBO VIOLENTO EN BABAHOYO!
Delincuentes, armados hasta los dientes, robaron en un billar.
¬°Ecuador, pa√≠s sin autoridades! https://t.co/5kZ6NW16H8";1
359158128;2022-10-20 13:28:51+00:00; ;1583087853105340416;es;0;0;0;0;Twitter for Android;Tengo un d√≠a muy largo pero muy lindo y creo q no vuelvo hasta la noche y me dice eso.. le robaron el celu o keee https://t.co/00I7dYXIcG;0
1477145028;2022-10-20 13:27:02+00:00; ;1583087396844843013;es;0;0;0;0;Twitter for Android;Cuando eres Targaryen pero los t√≠os se robaron la herencia @LedVarela #HouseOfTheDragonHBO https://t.co/MsHNuwM2dt;0
1426041432394043392;2022-10-20 13:26:26+00:00; ;1583087248270012416;es;1;0;0;0;Twitter for Android;robaron un cactus para nuestro proyecto de ciencias pero... 0__o https://t.co/BnJijevba7;0
533424883;2022-10-20 13:25:17+00:00; ;1583086957831524357;es;0;0;0;0;Twitter for Android;"Ayuda, ayuda, ayuda!!

Este es el veh√≠culo del padre de una amiga m√≠a que este mi√©rcoles 19 de octubre con arma en mano se robaron. Pasen la voz por favor. https://t.co/UPY6Swfcvf";1
60647069;2022-10-20 13:24:21+00:00; ;1583086721012420609;es;7;5;5;4;Twitter Web App;"‚≠ïÔ∏è El hecho ocurri√≥ este mi√©rcoles por la tarde cuando dos mujeres ingresaron a un local ubicado en San Luis al 1500 y se llevaron remeras que estaban en el perchero.

M√°s informaci√≥n üëâ https://t.co/a77f7yGiPO
#rosario3 https://t.co/6nETBgfwub";1
2400080066;2022-10-20 13:18:41+00:00; ;1583085296346099712;es;8;0;1;3;Twitter for Android;Una usuaria del MIO fue atacada a cuchillo por delincuentes que le robaron su celular, cuando espera el bus en la estaci√≥n del barrio Sucre, centro de Cali. Una patrulla fue alertada y logr√≥ la captura de los agresores seg√∫n lo confirm√≥ @PoliciaCali #Ma√±anasBLU https://t.co/05o3TCL8pR;1
210156790;2022-10-20 13:17:37+00:00; ;1583085027088158721;es;3;0;0;1;Twitter for Android;"Trabajadores del Hospital Misericordia denuncian que se triplicaron los casos de #Inseguridad
""En los √∫ltimos 20 d√≠as, asaltaron y golpearon a dos residentes y entre ayer y hoy robaron 3 autos"", dijo Pablo Aguirre, trabajador del hospital.
#MovilNacionalCordoba
@NacionalCordoba https://t.co/i232KHUeX0";1
93931259;2022-10-20 13:16:16+00:00; ;1583084689451286528;es;0;0;0;0;TweetDeck;"15 hombres asaltaron una vivienda en Minga Guaz√∫
https://t.co/RAhiG4EKD9
#NPY #NosConectaSiempre https://t.co/1gXsgOcPXj";1
246501897;2022-10-20 13:07:50+00:00; ;1583082565090840583;es;0;0;0;1;Twitter Web App;https://t.co/gKQtxm1MMd. Sujetos asaltaron nueve veh√≠culos en el tramo de Albania hasta Carraip√≠a https://t.co/tyfPgjf13R;1
222785726;2022-10-20 13:06:47+00:00; ;1583082299893350400;es;1;0;0;0;Twitter Web App;‚ö† ATENCI√ìN | En uno de los allanamientos realizados en FONAVI San Jer√≥nimo, secuestraron una Pistola Bersa Calibre 380, 29 Cartuchos del mismo calibre y una Ballesta. https://t.co/L3bmNGaH2t;1
859940198;2022-10-20 13:04:51+00:00; ;1583081813396033536;es;0;0;0;0;Twitter Web App;#LaPlata Se robaron esta moto de la puerta del bar Edison de Villa Elisa https://t.co/SfcUoVe9R1;1
1499006863115001858;2022-10-20 13:04:12+00:00; ;1583081649696174082;es;0;0;0;0;Twitter Web App;"üöì #Lan√∫s #Policiales   

La polic√≠a detuvo a un vecino de 52 a√±os en su vivienda de Villa Barcel√≥, por intento de homicidio. De su vivienda, se secuestraron un rev√≥lver calibre 6.35 y varias municiones 

+üëâ https://t.co/Mpkcdz21Yk https://t.co/s8w5ICaypk";1
3300905681;2022-10-20 13:03:59+00:00; ;1583081596722106368;es;0;0;0;0;Twitter Web App;"üî¥ DELINCUENTES ROBARON GALLINAS DE UNA ESCUELA DE ULAPES

‚û°Ô∏è Este martes encontraron las 17 gallinas muertas, junto a algunos huevos que hab√≠an sido robados, en un descampado cercano a la escuela Gral. Manuel Belgrano.

üîπ M√°s info en üëâüèΩhttps://t.co/MPqGHMA1SK https://t.co/uy6V7d31WZ";1
360657563;2022-10-20 13:00:59+00:00; ;1583080842884444162;es;357;21;34;266;Twitter Web App;"√öLTIMO MINUTO: Encapuchados y armados, Carabineros robaron camioneta forestal para sustraer madera, luego arman montajes para culpar al pueblo mapuche y llaman a la prensa. Los pillaron ¬øCu√°ntas veces lo hicieron? JC Rodr√≠guez

a Felipe kast se le cort√≥ el internet

 #ContigoCHV https://t.co/j0zpMeybqu";1
2313059918;2022-10-20 12:54:59+00:00; ;1583079332418768896;es;0;0;0;0;Twitter Web App;"Tras filtraciones de m√∫sica in√©dita y fotos personales, Lana Del Rey revela a trav√©s de Instagram que robaron su laptop hace algunos meses, luego de dejar su mochila dentro de su auto por un breve momento.

El dispositivo conten√≠a nueva m√∫sica y un libro de 200 p√°ginas.

#RPC üçø https://t.co/sgxcT2GNmW";1
85850997;2022-10-20 12:49:43+00:00; ;1583078005533904897;es;2;0;1;1;Twitter for Android;Remedios de Escalada‚Ä¢ Delincuentes interceptaron a un hombre que llegaba a su casa, lo tomaron del cuello, lo amenazaron y le robaron el auto en cuesti√≥n de segundos. https://t.co/rEHq5FaFaY;1
54270557;2022-10-20 12:49:20+00:00; ;1583077910595784705;es;0;0;0;2;Twitter for Android;"PRENSA MUNDIAL REFLEJA CRUEL ACCIONAR SIONISTA EN PALESTINA. 
GENOCIDAS SE DIVIERTEN CON EL DOLOR DE LOS NI√ëOS.
EN 70 A√ëOS MASACRARON MILLONES DE MUJERES Y NI√ëOS; SECUESTRARON MILES DE CRIATURAS PARA TRAFICARLOS ASESINARON A LOS PADRES, VIOLARON A SUS MUJERES
@Medicosporlaverdad https://t.co/rXPGG8PqD5";1
49339195;2022-10-20 12:48:34+00:00; ;1583077717678862336;es;2;1;0;0;PanamericanaTV;"#BDP #EnVivo | ¬°INCRE√çBLE ACTO DELINCUENCIAL! Robaron colegio inicial y hasta se llevaron los inodoros.
M√≠ranos EN VIVO ‚ñ∫ https://t.co/NDeYp3mpa0 
#PanamericanaTelevisi√≥n #NoticiasPanamericana #VMT https://t.co/NOmcGUIjEW";1
527506722;2022-10-20 12:48:32+00:00; ;1583077706408681473;es;1;0;0;0;PanamericanaTV;"#BDP #EnVivo | ¬°INCRE√çBLE ACTO DELINCUENCIAL! Robaron colegio inicial y hasta se llevaron los inodoros.
M√≠ranos EN VIVO ‚ñ∫ https://t.co/gj7lGwpapk 
#PanamericanaTelevisi√≥n #NoticiasPanamericana #VMT https://t.co/E5VETMAADk";1
511958161;2022-10-20 12:48:11+00:00; ;1583077621910319104;es;0;0;0;0;Twitter for Android;#CNCinforma #pereira #DenunciaCiudadana ‚ÄúEl d√≠a jueves de la semana pasada me robaron en Portal de Cerritos, abrieron mi carro se llevaron 2 bolsos negros, son 2 hombres y una mujer. Ayer intentaron robar en la misma parte un hombre se alcanz√≥ a volar pero ya est√° identificado. https://t.co/FuGRK82NpE;1
1535788639409811456;2022-10-20 12:44:30+00:00; ;1583076692733480961;es;0;0;0;0;Twitter for Android;El pa√≠s estara bien se va a estabilizar la econom√≠a a√∫n sabiendo que los gobiernos anteriores robaron a diestra y siniestra y de la corrupci√≥n ni hablar pero lo que m√°s impacienta es ver a los URIBISTAS CRITICAR ya sabiendo que es una burbuja econ√≥mica mundial reventada#ElPaisVa https://t.co/vXhGS9bCZN;0
1348725512714256385;2022-10-20 12:43:17+00:00; ;1583076387107131394;es;0;0;0;0;Twitter for Android;"Gabriela Cerruti se robaron las vacunas, vacunaron desde familiares a sus putas y rechazaron la vacuna de Pfizer y Moderna para hacer negocios con sus amigos Filiberti, Moyano, Sigman y Putin.

La concha de tu madre! https://t.co/AnTInHC6QY https://t.co/qzj8hUXZ0e";0
281611326;2022-10-20 12:36:22+00:00; ;1583074646399647745;es;0;0;0;0;Twitter for Android;Mal despertar... Solo robaron el monopat√≠n de mi hijo... Tremendo bot√≠n que se llevan est√°s ratas fumonas!!! https://t.co/byxnTQvD6G;1
3291254290;2022-10-20 12:34:08+00:00; ;1583074083050205184;es;6;0;2;0;Twitter for Android;Habr√° que arrancar...Luu nos robaron el sol yo as√≠ no puedo trabajarüòè https://t.co/kAfNN6Ho4l;0
32522787;2022-10-20 12:32:05+00:00; ;1583073566907863040;es;42;4;4;25;Twitter for iPad;Miren como el titular justifica las FeminaZis‚Ä¶.Alegadamente pelean por un edificio abandonado y rescatado‚Ä¶.FALSO‚Ä¶Las desahucian porque se apropiaron y se robaron un edificio de una sucesi√≥n familiar PRIVADO. Se lo tumbaron y ahora el hembr√≠smo pillete es defendido x prensaüôÖüèΩ‚Äç‚ôÄÔ∏è https://t.co/4eeMltEuHX;0
2377932834;2022-10-20 12:31:16+00:00; ;1583073364130004992;es;7;0;2;4;Twitter Web App;Dos Carabineros ‚Äîuno de ellos ya estaba siendo investigado‚Äî robaron camioneta en Arauco: fueron dados de baja #ContigoCHV https://t.co/TkldGkwcNy;1
2636950134;2022-10-20 12:30:51+00:00;9d8ae4b0fac2036a;1583073258986823681;es;0;0;0;0;Twitter for Android;Esta es la via que une villa grecia con la comunidad de Mocambo y esta con via cerro Patacon, hay tramos sin terminar y no de ve maquinar√≠a alguna  asi como estas hay muchas calles en PANAM√Å SE ROBARON LA PLATA? @MOPPma @RafaSabonge @LuisCasis20 @NitoCortizo https://t.co/qBSyjgMQfY;0
1500160328805629961;2022-10-20 12:30:43+00:00; ;1583073226057428992;es;0;0;0;0;Twitter for Android;"#Daule 

Atento Ecuador üá™üá® En Babahoyo.

üëÅÔ∏è Ojo al Cristo ciudadan√≠a delincuentes fuertemente armados robaron en un billar ubicado en #Babahoyo ya no se puede ni jugar ni nada.
@LassoGuillermo
@CapiZapataEC  @CmdtPoliciaEc 

#PeriodicoLaVozDeDaule https://t.co/hOGswp2hRV";1
1572602005;2022-10-20 12:30:31+00:00; ;1583073174077734913;es;0;0;0;0;Twitter Web App;"OCURRE EN COLOMBIA CON LOS BIENES DEL NARCOTR√ÅFICO,
que fueron incautados despu√©s de muchos muertos inocentes. 
Al parecer se los robaron los ""custodios"", el mismo estado, o los devolvieron por debajo a sus viejos due√±os. Marrana partida. https://t.co/RaHzkKCXzj";0
1201663154457055235;2022-10-20 12:20:33+00:00; ;1583070665984606208;es;0;0;0;0;Twitter Web App;"[INSEGURIDAD EN SALTA]
Le robaron el auto, llam√≥ al 911 y no le tomaron la denuncia porque creyeron que era una broma ‚ÄúAh era en serio‚Äù

El ladr√≥n viajo desde los Valles Calchaquies a Salta Capital sin ser detenido por ning√∫n control en la ruta: https://t.co/DIu4G42abB https://t.co/6qRVJQID5Q";1
363451819;2022-10-20 12:14:57+00:00; ;1583069257415655426;es;9;0;3;5;Twitter for Android;La de hoy! Recuerdan la detenci√≥n de la @SSeguridadJal en Tlaquepaque, la banda de ladrones que robaron en una tienda departamental era encabezada POR UN ELEMENTO DE @PoliciaZapopan y as√≠ fue como sucedi√≥ el atraco. #seguridad #robo #polic√≠aladron #detenci√≥n https://t.co/lJMRowWJCA;1
3687951142;2022-10-20 12:09:08+00:00; ;1583067794731859968;es;1;0;0;1;Twitter for iPhone;No te dejes enga√±ar m√°s amigo petrista, el va ha liberar y contratar a todos los criminarles que secuestraron torturaron y mataron polic√≠as para volverlo presidente #ElPaisVa https://t.co/FFn9zniICA https://t.co/eMK62VccZ7;0
4892249193;2022-10-20 12:08:19+00:00; ;1583067586639851520;es;1;0;0;0;TweetDeck;La violencia colona en #Cisjordania ocupada se dispara. No solo atacan a palestinos, tambi√©n al Ej√©rcito de #Israel, como ocurri√≥ esta madrugada en Huwara. En una aldea pr√≥xima a Bel√©n apu√±alaron y rompieron una pierna a una activista israel√≠. https://t.co/LuRcUik6fb;1
1453197538543083521;2022-10-20 12:04:07+00:00; ;1583066529305747456;es;0;0;0;1;Twitter Web App;"‚≠ïÔ∏èLe rob√≥ a un polic√≠a y se escondi√≥ debajo del #TrenSarmiento

Agentes secuestraron un arma de fuego calibre 32 y los elementos asaltados: una billetera y un tel√©fono iPhone.
@TrenesArg #robo #oeste #castelar #zonaoeste #elbonateinforma #elbona 
M√°s: https://t.co/4C45jB4FON https://t.co/y0OAILZPTD";1
1521808182946979840;2022-10-20 12:02:37+00:00; ;1583066152405676032;es;0;0;0;1;Twitter Web App;LE ROBARON LA MOTO EN LOMAS DEL MIRADOR. OCURRI√ì EN PASAJE VENTURA BOSCH Y JUAN MANUEL DE ROSAS. https://t.co/4ZU0anYoTp;1
2284337297;2022-10-20 12:02:13+00:00; ;1583066051079983104;es;8;0;1;0;Twitter for Android;"Le robaron su merecid√≠simo puesto y premio de Ganador,no me cansar√© de decirlo,eso y la manipulaci√≥n y tongo en las votaciones,ni lo dudes @GOnestini  ,fuiste y eres el verdadero ganador de SV 21...
@jjaviervazquez @telecincoes @Supervivientes #Gianmarco20O https://t.co/dnLxuoBF67";0
150364607;2022-10-20 11:50:09+00:00; ;1583063016387403776;es;0;0;0;0;ADiarios - CMS Para Diarios;Robaron y faenaron a un caballo  #CaletaOlivia #Caballo #Robo #Polic√≠a https://t.co/AJ6sdQhi9b https://t.co/HUZhZpuuw8;1
3035202331;2022-10-20 11:46:34+00:00; ;1583062115275137024;es;61;1;12;22;Twitter for Android;FMLN, se robaron el pisto de las pensiones üò° https://t.co/9irrxINs0Q;0
836730848762200065;2022-10-20 11:44:38+00:00; ;1583061628848730112;es;1;0;1;0;Twitter for Android;#laplata En 159 y 50 robaron una camioneta Ford EcoSport blanca. Los persiguieron hasta 163 y 52, donde bajaron y se metieron en un campo a los tiros. Finalmente, en 161 y 58 lograron la captura de uno de los sospechosos. No hubo heridos. https://t.co/g39cqy9j47;1
393851882;2022-10-20 11:38:20+00:00; ;1583060041472430080;es;0;0;0;0;Twitter for Android;Ulapes: Delincuentes robaron gallinas de la escuela agropecuaria General Manuel Belgrano | https://t.co/JcILW3mnSm https://t.co/rNQAlI7FWH;1
1275954627792510976;2022-10-20 11:35:05+00:00; ;1583059226016231426;es;0;0;0;0;Twitter;Ins√≥lito: se robaron una columna del alumbrado p√∫blico - https://https://t.co/l55SlVLhdn https://t.co/C2eOmzyphS;1
762129338871508992;2022-10-20 11:27:19+00:00; ;1583057269490868229;es;0;0;0;0;Twitter Web App;"üé§ Ahora en #UNNUEVODIA por FM 90.9  
‚ö†Ô∏è  M√≥vil Mariana, rotonda de Limache robaron las rejillas de las alcantarillas. https://t.co/8nrATgZqkd";1
1197869601918468102;2022-10-20 11:22:33+00:00; ;1583056071929008128;es;0;0;0;1;dlvr.it;Apu√±alaron a un hombre en la zona norte de la ciudad de Santa Fe https://t.co/LIGtbTEkwC https://t.co/08Ph3piQYK;1
1559375148;2022-10-20 11:11:13+00:00; ;1583053216979505154;es;12;1;1;6;Twitter for Android;Remedios de Escalada: Un hombre se demor√≥ para bajar del auto, delincuentes armados lo sorprendieron y le robaron el veh√≠culo. Ocurri√≥ en Hernandarias al 1300. https://t.co/5ZruBCXwPO;1
309180566;2022-10-20 11:07:49+00:00; ;1583052362553311233;es;0;0;1;5;Twitter for iPhone;"Los chavistas del Consejo Legislativo del estado Barinas, NO discuten las 30.000 bombonas que les robaron a familias barinesas, NO discuten las tarifas de fospuca.

¬°Pero son expertos en cambiar la historia a su antojo!

Los barineses decimos NO al irrespeto de nuestra historia. https://t.co/Kfa2eCbVem";0
58269913;2022-10-20 10:50:38+00:00;019f5b823c2b7bae;1583048038658244608;es;0;0;0;0;Twitter for iPhone;"Exijo!
Que se vayan todos los que nos dijeron ‚Äútenemos las manos limpias‚Äù y asaltaron el aparato p√∫blico, cobrando millones!!
Pitutos al mayor:
Polola, hermanos, amigotes, secuaces, violentos, etc.
Parcela en Pucon la Wna que emplaza!!
#GobiernoCriminalCorruptoyMentiroso üá®üá±üí™üá®üá± https://t.co/eFvRV6FqKm https://t.co/4VtCt5CDQn";0
389483768;2022-10-20 10:46:55+00:00; ;1583047101940137984;es;3;0;0;1;Twitter for Android;Cabo Vallejos - Secuestraron 160 cubiertas.  El operativo lo realiz√≥ la Polic√≠a de Tucum√°n. La carga ilegal era trasladada en un cami√≥n https://t.co/tQ64GMzeeY;1
58269913;2022-10-20 10:46:17+00:00;019f5b823c2b7bae;1583046942262583296;es;0;1;0;0;Twitter for iPhone;"As√≠ nom√°s!!!
Que se vayan todos los que nos dijeron ‚Äútenemos las manos limpias‚Äù y asaltaron el aparato p√∫blico, cobrando millones!!!!
Pitutos al mayor:
Polola, hermanos, amigotes, secuaces, violentos, etc. todos pungas!!
#GobiernoCriminalCorruptoyMentiroso üá®üá±üí™üá®üá± https://t.co/pBnGYWRcak";0
154311990;2022-10-20 10:44:35+00:00; ;1583046514389024769;es;16;2;4;32;Twitter for Android;"Anteayer robaron el colegio de mis hijos. En la foto est√°n los datos de la Coope del colegio 8 D.E 10 de CABA. Se agradece difusi√≥n. No dejaron ni una computadora, ni c√°maras, ni material del laboratorio. 
Toda ayuda es bienvenida. 
Se agradece difusi√≥n.@sebharias @soyladeltango https://t.co/ScmuNJBupD";1
1432680242540335107;2022-10-20 10:36:26+00:00; ;1583044463303471105;es;1;0;0;0;Twitter for Android;nos robaron a ricky fort, todo mal loco https://t.co/XiNGGGwTkz;0
64018356;2022-10-20 10:32:42+00:00; ;1583043525356052482;es;0;0;0;0;Twitter Web App;"No perdonan nada: se robaron hasta la sirena de la ambulancia

üëâhttps://t.co/XUNeCQCACF https://t.co/BOfBHyzee3";1
1301442764;2022-10-20 10:32:14+00:00; ;1583043406850273280;es;0;0;0;0;Twitter Web App;"No perdonan nada: se robaron hasta la sirena de la ambulancia

üëâhttps://t.co/BDLsM0sqdf https://t.co/hgbTAZDMq7";1
2276841974;2022-10-20 10:31:54+00:00; ;1583043321823629312;es;1;0;0;0;Twitter for Android;"Buenos d√≠as amigos, hace algunos d√≠as me robaron mis cuentas de Facebook por eso volv√≠ a crear una nueva p√°gina, los invito a seguirme porque muy pronto lanzar√© una nueva canci√≥n que les va a gustar muchoü•∞.

https://t.co/eUjvXL0NBv https://t.co/EAERBeCvzT";1
429791434;2022-10-20 10:31:20+00:00; ;1583043179242061826;es;0;0;0;0;Twitter Web App;"No perdonan nada: se robaron hasta la sirena de la ambulancia

üëâhttps://t.co/LquHnqRrR2 https://t.co/I33L7can2F";1
229468495;2022-10-20 10:15:00+00:00; ;1583039069332078593;es;0;0;0;2;Twitter for Android;"En la provincia de los #LosRios, no para la #delincuencia.
Delincuentes fuertemente armados robaron en un billar ubicado en #Babahoyo. https://t.co/SgKbhawUEG";1
2480246383;2022-10-20 10:07:37+00:00; ;1583037214170427392;es;1;0;1;0;Twitter Media Studio;Cuatro delincuentes asaltaron una joyer√≠a en Portones Shopping https://t.co/xYctxwMvUV;1
88997749;2022-10-20 10:00:09+00:00; ;1583035334878973953;es;2;0;0;2;Twitter Media Studio - LiveCut;"INSEGURIDAD.

Le robaron su ri√±onera a un empleado de una distribuidora.

#PyEnVIVOüì∫ https://t.co/4bDAT25mBG";1
222785726;2022-10-20 09:55:17+00:00; ;1583034106753187841;es;1;0;0;0;Twitter Web App;"üî¥AHORA #MovilEME üìª | @maugonzalez informa que pasadas las 6hs apu√±alaron a un hombre en ocasi√≥n de robo en Pe√±aloza y Risso. 

La victima fue derivada al Hospital Cullen con una herida en el pecho. https://t.co/QjMZEUxNX6";1
247225060;2022-10-20 09:31:18+00:00;01b40b49265b126c;1583028074467106817;es;3;0;0;2;Twitter for Android;#AHORA Apu√±alaron a un hombre de unos 35 a√±os para robarle en Pe√±aloza y Risso. Sucedi√≥ pasadas las 6 horas y termina de ingresar al Shock Room del Hospital Cullen trasladado por trabajadores del 107 con herida en el pecho. Ampliaremos https://t.co/dS7idW3i2L;1
339075956;2022-10-20 09:30:01+00:00; ;1583027750142889986;es;4;0;1;3;Twitter Web App;SIP de Carabineros captura a delincuentes que a mano armada asaltaron a trabajadores de Servicentro Shell https://t.co/sAGXgRNzHz a trav√©s de @AoLaonline https://t.co/fg7rpqFXGi;1
413981468;2022-10-20 09:25:01+00:00; ;1583026491725869057;es;0;0;1;0;Twitter Media Studio - LiveCut;"üëâüèª Robaron un m√≥vil de bomberos | El hecho qued√≥ registrado en las c√°maras del circuito cerrado.

#PyEnVivo üì∫ https://t.co/BHPtn9TgUP";1
124863662;2022-10-20 09:22:04+00:00; ;1583025747312406529;es;0;0;0;0;Twitter Web App;"üü†‚ñ∂Ô∏è | #BDCI
En un operativo que se desarrolla en la ciudad de Bella Vista, secuestraron 2,5 kilos de marihuana, 50 gramos de coca√≠na y dinero en efectivo.

‚û°Ô∏èM√°s info https://t.co/XtTJAGs4n0 https://t.co/ijkO2CLEcO";1
1651205892;2022-10-20 09:15:33+00:00; ;1583024109164036098;es;0;0;1;0;Twitter for Android;Alguien sabe como poder controlar esto, ya pas√≥ m√°s de una hora desde que nos robaron el medidor y me duele mucho ver como se pierde tanta agua https://t.co/d0C4USBPWP;1
1171045311072088065;2022-10-20 09:14:33+00:00; ;1583023857115332608;es;2;0;0;1;Twitter for iPhone;Han representado el momento en el que robaron a Coster!! #UCMtecnolog√≠a https://t.co/IDdyBw4qiv;0
1555989690859266050;2022-10-20 08:47:13+00:00; ;1583016980155863040;es;0;0;0;0;Twitter Web App;En Kuala Lumpur, agentes de la Polic√≠a de Malasia detuvieron a un grupo de supuestos agentes malayos contratados por la Mossad israel√≠ que manten√≠an secuestrado a un ciudadano palestino. Hab√≠an sido entrenados en Europa y secuestraron al palestino procedente de la Franja de Gaza. https://t.co/pYK8jdRtbu;1
509612911;2022-10-20 08:25:41+00:00;000da1a228db0cf7;1583011560255279104;es;1;0;0;0;Twitter for Android;"SU AYUDA GENTE DE TWITTER  POR FAVOR @PoliciaEcuador SU NOMBRE ES CESAR ADRIAN PONCE TAPIA LE ROBARON SU CARRO Y LO ENCONTRAMOS EN LA 5TA ETAPA DEL RECREO.
AYUDENME DANDO RT https://t.co/na8B0uP4lB";1
1531310357750370304;2022-10-20 08:03:47+00:00;07d9e97215080001;1583006049220497409;es;1;0;0;4;Twitter for Android;Buenos dias. Me robaron el vehiculo esta madrugada de enfrente de mi casa. Cualquier info. al 0991 628 206 Magdalena Caballero @tvcamarapy @680carlos @LuisBareiro @Unicanal @oscar_marandu @menchibarriocan @chichecorte @carlitosorte @patty_orue @churerocom @sntcanal9 @Telefuturo https://t.co/cPryUnENbV;1
167842439;2022-10-20 07:46:10+00:00; ;1583001614008594432;es;15;0;0;13;Twitter Web App;"#ServicioSocial || Se robaron un auto ""Gol"" en las Torres y el Blvd Atlixco, con placas HCC 346- F. Cualquier informaci√≥n comunicarse al 22 28 93 77 50. https://t.co/knHlz1pbSY";1
1416232594807590913;2022-10-20 07:07:10+00:00; ;1582991800088006657;es;0;0;0;0;Twitter for Android;Siiii un v√≠deo de Vibes y aparte de wampiros wuuuu, plsss veanlo esta bueno el v√≠deo üêíüëçüèΩ, no me pagaron para esta recomendaci√≥n, ni tampoco me secuestraron y me tienen en un desv√°n comiendo cabezas de pescado, bajo la  promesa de que si recomiendo el canal me liberar√°n üòÅ https://t.co/X8uZ7RWMcJ https://t.co/6lgWygjD8D;0
1562305683667574787;2022-10-20 07:02:00+00:00; ;1582990499522093056;es;0;0;0;0;Twitter for iPhone;me robaron el corazoncito y la voz, porque cule desafinao https://t.co/Ig9XQ41coW;0
1418520244965068807;2022-10-20 06:42:43+00:00; ;1582985647207645184;es;136;5;24;66;Twitter for Android;"Acaban de encontrar al beb√© que robaron anoche en el hospital de Basurto

¬øC√≥mo es posible que una perturbada pueda robar un reci√©n nacido en un hospital p√∫blico haci√©ndose pasar por enfermera? https://t.co/VWRAvjcMUR";1
91630276;2022-10-20 06:30:00+00:00; ;1582982447695806466;es;0;0;0;0;Twitter Web App;"üöîüö®| #Sicardi | #Inseguridad | #Robos

Ola de robos preocupa a los vecinos de Sicardi

Ladrones asaltaron un almac√©n y quedaron grabados por las c√°maras del local. Adem√°s, crece la alerta por la cantidad de hurtos de motos en el barrio.

https://t.co/5nF8bov51t https://t.co/zelpsZeZpo";1
1382782689804095488;2022-10-20 05:20:30+00:00; ;1582964955468697600;es;0;0;0;0;Twitter for Android;"S√≠ es que a tal grado de decir este tipo de cosas.

LE
ROBARON
SUS SUE√ëOS
SU INFANCIA
SU BRILLO
TODO
SOY INFELIZ https://t.co/XrY0c3lqoy https://t.co/U0VN7XYoAW";0
145855788;2022-10-20 05:13:32+00:00;0161be1b3f98d6c3;1582963202257657857;es;0;0;0;0;Twitter for Android;Pero despu√©s de las posesiones ROBARON DE LO LINDO. CUANDO DEVUELVEN LOS DINEROS QUE SE APROPIARON ILEGALMENTE https://t.co/zLPq7bt3LL https://t.co/gwqPyMsejo;0
1203170380623597568;2022-10-20 05:09:21+00:00; ;1582962150125228032;es;0;0;0;0;Twitter for Android;"No puedo creer que el expresidente Duque tenga el atrevimiento de decir una palabra sobre la paz.
Durante los cuatro a√±os de su gobierno √©l no hizo nada por la paz, y antes bien se robaron los fondos para la paz.
√âl, hace rato, perdi√≥ el derecho de pontificar sobre el tema. https://t.co/nmusz15zvO";0
469897861;2022-10-20 04:58:51+00:00; ;1582959508816478208;es;0;0;0;0;Twitter for Android;"Ya me acorde de donde se robaron el formato de las ma√±aneras.
Un wey hablando puras pendejadas y un mont√≥n de rechazados c√≥smicos aplaudiendoselas. https://t.co/XbY1xVsXpA";0
761389247182036992;2022-10-20 04:58:06+00:00; ;1582959319011667969;es;1;0;0;10;Twitter for Android;Se robaron √©sta cachorra en Cerrillos, villa Santa Adela. Porfa ayuda a difundir üôèüôè 56942464662 https://t.co/uzsANYIT7E;1
1419083859476598786;2022-10-20 04:57:43+00:00; ;1582959224224894977;es;0;0;0;0;Twitter for iPhone;"Pues no pas√≥ a mayores, nos robaron un gol, con eso se cobraba. 

A ver ma√±ana qu√© jugamos. https://t.co/ZeP0SOAaEZ";0
124971525;2022-10-20 04:53:58+00:00; ;1582958280334188544;es;0;0;1;0;Twitter for Android;"¬°¬°SE LO LOS ROBARON!!
GAIA Y TIKA üê∂ üê∂  #ICA ZONA DE VILLACURI - KM 271 PANAMERICANA SUR #LIMA #PERU https://t.co/0wFkGsbA1f";1